SOURCE_POLICY,MPOLICY,MLOANBILL,NOTE
9010300689,010300689C,0.00,MLOANBILL has no PLOAN source; value is config default only.
9010310404,010310404C,0.00,MLOANBILL has no PLOAN source; value is config default only.
9010331768,010331768C,0.00,MLOANBILL has no PLOAN source; value is config default only.
9010346921,010346921C,0.00,MLOANBILL has no PLOAN source; value is config default only.
9010363098,010363098C,0.00,MLOANBILL has no PLOAN source; value is config default only.
9010367438,010367438C,0.00,MLOANBILL has no PLOAN source; value is config default only.
9010374099,010374099C,0.00,MLOANBILL has no PLOAN source; value is config default only.
9010376522,010376522C,0.00,MLOANBILL has no PLOAN source; value is config default only.
9010376529,010376529C,0.00,MLOANBILL has no PLOAN source; value is config default only.
9010377918,010377918C,0.00,MLOANBILL has no PLOAN source; value is config default only.
9010378485,010378485C,0.00,MLOANBILL has no PLOAN source; value is config default only.
9010380049,010380049C,0.00,MLOANBILL has no PLOAN source; value is config default only.
9010380627,010380627C,0.00,MLOANBILL has no PLOAN source; value is config default only.
9010381745,010381745C,0.00,MLOANBILL has no PLOAN source; value is config default only.
9010382426,010382426C,0.00,MLOANBILL has no PLOAN source; value is config default only.
9010382520,010382520C,0.00,MLOANBILL has no PLOAN source; value is config default only.
9010382931,010382931C,0.00,MLOANBILL has no PLOAN source; value is config default only.
9010385636,010385636C,0.00,MLOANBILL has no PLOAN source; value is config default only.
9010391004,010391004C,0.00,MLOANBILL has no PLOAN source; value is config default only.
9010391228,010391228C,0.00,MLOANBILL has no PLOAN source; value is config default only.
9010391359,010391359C,0.00,MLOANBILL has no PLOAN source; value is config default only.
9010391422,010391422C,0.00,MLOANBILL has no PLOAN source; value is config default only.
9010391876,010391876C,0.00,MLOANBILL has no PLOAN source; value is config default only.
9010391878,010391878C,0.00,MLOANBILL has no PLOAN source; value is config default only.
9010391895,010391895C,0.00,MLOANBILL has no PLOAN source; value is config default only.
9010392138,010392138C,0.00,MLOANBILL has no PLOAN source; value is config default only.
9010392763,010392763C,0.00,MLOANBILL has no PLOAN source; value is config default only.
9010393181,010393181C,0.00,MLOANBILL has no PLOAN source; value is config default only.
9010395098,010395098C,0.00,MLOANBILL has no PLOAN source; value is config default only.
9010395382,010395382C,0.00,MLOANBILL has no PLOAN source; value is config default only.
9010395761,010395761C,0.00,MLOANBILL has no PLOAN source; value is config default only.
9010395879,010395879C,0.00,MLOANBILL has no PLOAN source; value is config default only.
9010396186,010396186C,0.00,MLOANBILL has no PLOAN source; value is config default only.
9010396425,010396425C,0.00,MLOANBILL has no PLOAN source; value is config default only.
9010397118,010397118C,0.00,MLOANBILL has no PLOAN source; value is config default only.
9010397318,010397318C,0.00,MLOANBILL has no PLOAN source; value is config default only.
9010397583,010397583C,0.00,MLOANBILL has no PLOAN source; value is config default only.
9010397945,010397945C,0.00,MLOANBILL has no PLOAN source; value is config default only.
9010400462,010400462C,0.00,MLOANBILL has no PLOAN source; value is config default only.
9010401565,010401565C,0.00,MLOANBILL has no PLOAN source; value is config default only.
9010402014,010402014C,0.00,MLOANBILL has no PLOAN source; value is config default only.
9010402105,010402105C,0.00,MLOANBILL has no PLOAN source; value is config default only.
9010403109,010403109C,0.00,MLOANBILL has no PLOAN source; value is config default only.
9010403789,010403789C,0.00,MLOANBILL has no PLOAN source; value is config default only.
9010404600,010404600C,0.00,MLOANBILL has no PLOAN source; value is config default only.
9010404602,010404602C,0.00,MLOANBILL has no PLOAN source; value is config default only.
9010404857,010404857C,0.00,MLOANBILL has no PLOAN source; value is config default only.
9010405440,010405440C,0.00,MLOANBILL has no PLOAN source; value is config default only.
9010407925,010407925C,0.00,MLOANBILL has no PLOAN source; value is config default only.
9010410566,010410566C,0.00,MLOANBILL has no PLOAN source; value is config default only.
9010413628,010413628C,0.00,MLOANBILL has no PLOAN source; value is config default only.
9010417200,010417200C,0.00,MLOANBILL has no PLOAN source; value is config default only.
9010420983,010420983C,0.00,MLOANBILL has no PLOAN source; value is config default only.
9010422033,010422033C,0.00,MLOANBILL has no PLOAN source; value is config default only.
9010422417,010422417C,0.00,MLOANBILL has no PLOAN source; value is config default only.
9010422722,010422722C,0.00,MLOANBILL has no PLOAN source; value is config default only.
9010425720,010425720C,0.00,MLOANBILL has no PLOAN source; value is config default only.
9010425941,010425941C,0.00,MLOANBILL has no PLOAN source; value is config default only.
9010425942,010425942C,0.00,MLOANBILL has no PLOAN source; value is config default only.
9010425944,010425944C,0.00,MLOANBILL has no PLOAN source; value is config default only.
9010426657,010426657C,0.00,MLOANBILL has no PLOAN source; value is config default only.
9010426747,010426747C,0.00,MLOANBILL has no PLOAN source; value is config default only.
9010427456,010427456C,0.00,MLOANBILL has no PLOAN source; value is config default only.
9010428771,010428771C,0.00,MLOANBILL has no PLOAN source; value is config default only.
9010429710,010429710C,0.00,MLOANBILL has no PLOAN source; value is config default only.
9010429711,010429711C,0.00,MLOANBILL has no PLOAN source; value is config default only.
9010431738,010431738C,0.00,MLOANBILL has no PLOAN source; value is config default only.
9010434092,010434092C,0.00,MLOANBILL has no PLOAN source; value is config default only.
9010434421,010434421C,0.00,MLOANBILL has no PLOAN source; value is config default only.
9010435244,010435244C,0.00,MLOANBILL has no PLOAN source; value is config default only.
9010435671,010435671C,0.00,MLOANBILL has no PLOAN source; value is config default only.
9010435672,010435672C,0.00,MLOANBILL has no PLOAN source; value is config default only.
9010435673,010435673C,0.00,MLOANBILL has no PLOAN source; value is config default only.
9010436599,010436599C,0.00,MLOANBILL has no PLOAN source; value is config default only.
9010436782,010436782C,0.00,MLOANBILL has no PLOAN source; value is config default only.
9010437232,010437232C,0.00,MLOANBILL has no PLOAN source; value is config default only.
9010438325,010438325C,0.00,MLOANBILL has no PLOAN source; value is config default only.
9010438556,010438556C,0.00,MLOANBILL has no PLOAN source; value is config default only.
9010438821,010438821C,0.00,MLOANBILL has no PLOAN source; value is config default only.
9010438938,010438938C,0.00,MLOANBILL has no PLOAN source; value is config default only.
9010438942,010438942C,0.00,MLOANBILL has no PLOAN source; value is config default only.
9010439128,010439128C,0.00,MLOANBILL has no PLOAN source; value is config default only.
9010439156,010439156C,0.00,MLOANBILL has no PLOAN source; value is config default only.
9010439277,010439277C,0.00,MLOANBILL has no PLOAN source; value is config default only.
9010439435,010439435C,0.00,MLOANBILL has no PLOAN source; value is config default only.
9010439999,010439999C,0.00,MLOANBILL has no PLOAN source; value is config default only.
9010440000,010440000C,0.00,MLOANBILL has no PLOAN source; value is config default only.
9010442332,010442332C,0.00,MLOANBILL has no PLOAN source; value is config default only.
9010442552,010442552C,0.00,MLOANBILL has no PLOAN source; value is config default only.
9010442906,010442906C,0.00,MLOANBILL has no PLOAN source; value is config default only.
9010443109,010443109C,0.00,MLOANBILL has no PLOAN source; value is config default only.
9010443287,010443287C,0.00,MLOANBILL has no PLOAN source; value is config default only.
9010444283,010444283C,0.00,MLOANBILL has no PLOAN source; value is config default only.
9010445275,010445275C,0.00,MLOANBILL has no PLOAN source; value is config default only.
9010446852,010446852C,0.00,MLOANBILL has no PLOAN source; value is config default only.
9010448025,010448025C,0.00,MLOANBILL has no PLOAN source; value is config default only.
9010448375,010448375C,0.00,MLOANBILL has no PLOAN source; value is config default only.
9010449155,010449155C,0.00,MLOANBILL has no PLOAN source; value is config default only.
9010449417,010449417C,0.00,MLOANBILL has no PLOAN source; value is config default only.
9010449498,010449498C,0.00,MLOANBILL has no PLOAN source; value is config default only.
9010451453,010451453C,0.00,MLOANBILL has no PLOAN source; value is config default only.
9010452169,010452169C,0.00,MLOANBILL has no PLOAN source; value is config default only.
9010452304,010452304C,0.00,MLOANBILL has no PLOAN source; value is config default only.
9010452305,010452305C,0.00,MLOANBILL has no PLOAN source; value is config default only.
9010454002,010454002C,0.00,MLOANBILL has no PLOAN source; value is config default only.
9010455341,010455341C,0.00,MLOANBILL has no PLOAN source; value is config default only.
9010456114,010456114C,0.00,MLOANBILL has no PLOAN source; value is config default only.
9010456751,010456751C,0.00,MLOANBILL has no PLOAN source; value is config default only.
9010458520,010458520C,0.00,MLOANBILL has no PLOAN source; value is config default only.
9010458525,010458525C,0.00,MLOANBILL has no PLOAN source; value is config default only.
9010458526,010458526C,0.00,MLOANBILL has no PLOAN source; value is config default only.
9010458663,010458663C,0.00,MLOANBILL has no PLOAN source; value is config default only.
9010459723,010459723C,0.00,MLOANBILL has no PLOAN source; value is config default only.
9010460886,010460886C,0.00,MLOANBILL has no PLOAN source; value is config default only.
9010461210,010461210C,0.00,MLOANBILL has no PLOAN source; value is config default only.
9010462630,010462630C,0.00,MLOANBILL has no PLOAN source; value is config default only.
9010462631,010462631C,0.00,MLOANBILL has no PLOAN source; value is config default only.
9010462839,010462839C,0.00,MLOANBILL has no PLOAN source; value is config default only.
9010463190,010463190C,0.00,MLOANBILL has no PLOAN source; value is config default only.
9010463420,010463420C,0.00,MLOANBILL has no PLOAN source; value is config default only.
9010463537,010463537C,0.00,MLOANBILL has no PLOAN source; value is config default only.
9010464869,010464869C,0.00,MLOANBILL has no PLOAN source; value is config default only.
9010464870,010464870C,0.00,MLOANBILL has no PLOAN source; value is config default only.
9010465331,010465331C,0.00,MLOANBILL has no PLOAN source; value is config default only.
9010466392,010466392C,0.00,MLOANBILL has no PLOAN source; value is config default only.
9010466470,010466470C,0.00,MLOANBILL has no PLOAN source; value is config default only.
9010466471,010466471C,0.00,MLOANBILL has no PLOAN source; value is config default only.
9010466472,010466472C,0.00,MLOANBILL has no PLOAN source; value is config default only.
9010467061,010467061C,0.00,MLOANBILL has no PLOAN source; value is config default only.
9010467154,010467154C,0.00,MLOANBILL has no PLOAN source; value is config default only.
9010467173,010467173C,0.00,MLOANBILL has no PLOAN source; value is config default only.
9010467771,010467771C,0.00,MLOANBILL has no PLOAN source; value is config default only.
9010469081,010469081C,0.00,MLOANBILL has no PLOAN source; value is config default only.
9010469728,010469728C,0.00,MLOANBILL has no PLOAN source; value is config default only.
9010469896,010469896C,0.00,MLOANBILL has no PLOAN source; value is config default only.
9010471046,010471046C,0.00,MLOANBILL has no PLOAN source; value is config default only.
9010471534,010471534C,0.00,MLOANBILL has no PLOAN source; value is config default only.
9010472182,010472182C,0.00,MLOANBILL has no PLOAN source; value is config default only.
9010472183,010472183C,0.00,MLOANBILL has no PLOAN source; value is config default only.
9010473137,010473137C,0.00,MLOANBILL has no PLOAN source; value is config default only.
9010474519,010474519C,0.00,MLOANBILL has no PLOAN source; value is config default only.
9010474522,010474522C,0.00,MLOANBILL has no PLOAN source; value is config default only.
9010476803,010476803C,0.00,MLOANBILL has no PLOAN source; value is config default only.
9010477512,010477512C,0.00,MLOANBILL has no PLOAN source; value is config default only.
9010477513,010477513C,0.00,MLOANBILL has no PLOAN source; value is config default only.
9010477989,010477989C,0.00,MLOANBILL has no PLOAN source; value is config default only.
9010478213,010478213C,0.00,MLOANBILL has no PLOAN source; value is config default only.
9010478214,010478214C,0.00,MLOANBILL has no PLOAN source; value is config default only.
9010478285,010478285C,0.00,MLOANBILL has no PLOAN source; value is config default only.
9010486919,010486919C,0.00,MLOANBILL has no PLOAN source; value is config default only.
9010486961,010486961C,0.00,MLOANBILL has no PLOAN source; value is config default only.
9010486964,010486964C,0.00,MLOANBILL has no PLOAN source; value is config default only.
9010487396,010487396C,0.00,MLOANBILL has no PLOAN source; value is config default only.
9010487886,010487886C,0.00,MLOANBILL has no PLOAN source; value is config default only.
9010488273,010488273C,0.00,MLOANBILL has no PLOAN source; value is config default only.
9010488274,010488274C,0.00,MLOANBILL has no PLOAN source; value is config default only.
9010491000,010491000C,0.00,MLOANBILL has no PLOAN source; value is config default only.
9010495113,010495113C,0.00,MLOANBILL has no PLOAN source; value is config default only.
9010496486,010496486C,0.00,MLOANBILL has no PLOAN source; value is config default only.
9010497768,010497768C,0.00,MLOANBILL has no PLOAN source; value is config default only.
9010499674,010499674C,0.00,MLOANBILL has no PLOAN source; value is config default only.
9010500769,010500769C,0.00,MLOANBILL has no PLOAN source; value is config default only.
9010501142,010501142C,0.00,MLOANBILL has no PLOAN source; value is config default only.
9010501836,010501836C,0.00,MLOANBILL has no PLOAN source; value is config default only.
9010502995,010502995C,0.00,MLOANBILL has no PLOAN source; value is config default only.
9010502996,010502996C,0.00,MLOANBILL has no PLOAN source; value is config default only.
9010510553,010510553C,0.00,MLOANBILL has no PLOAN source; value is config default only.
9010510671,010510671C,0.00,MLOANBILL has no PLOAN source; value is config default only.
9010510979,010510979C,0.00,MLOANBILL has no PLOAN source; value is config default only.
9010511203,010511203C,0.00,MLOANBILL has no PLOAN source; value is config default only.
9010513711,010513711C,0.00,MLOANBILL has no PLOAN source; value is config default only.
9010518048,010518048C,0.00,MLOANBILL has no PLOAN source; value is config default only.
9010518049,010518049C,0.00,MLOANBILL has no PLOAN source; value is config default only.
9010518545,010518545C,0.00,MLOANBILL has no PLOAN source; value is config default only.
9010520217,010520217C,0.00,MLOANBILL has no PLOAN source; value is config default only.
9010520451,010520451C,0.00,MLOANBILL has no PLOAN source; value is config default only.
9010521651,010521651C,0.00,MLOANBILL has no PLOAN source; value is config default only.
9010523058,010523058C,0.00,MLOANBILL has no PLOAN source; value is config default only.
9010525250,010525250C,0.00,MLOANBILL has no PLOAN source; value is config default only.
9010526524,010526524C,0.00,MLOANBILL has no PLOAN source; value is config default only.
9010529613,010529613C,0.00,MLOANBILL has no PLOAN source; value is config default only.
9010529993,010529993C,0.00,MLOANBILL has no PLOAN source; value is config default only.
9010532612,010532612C,0.00,MLOANBILL has no PLOAN source; value is config default only.
9010544182,010544182C,0.00,MLOANBILL has no PLOAN source; value is config default only.
9010545623,010545623C,0.00,MLOANBILL has no PLOAN source; value is config default only.
9010546964,010546964C,0.00,MLOANBILL has no PLOAN source; value is config default only.
9010547021,010547021C,0.00,MLOANBILL has no PLOAN source; value is config default only.
9010547488,010547488C,0.00,MLOANBILL has no PLOAN source; value is config default only.
9010549966,010549966C,0.00,MLOANBILL has no PLOAN source; value is config default only.
9010550088,010550088C,0.00,MLOANBILL has no PLOAN source; value is config default only.
9010550564,010550564C,0.00,MLOANBILL has no PLOAN source; value is config default only.
9010564241,010564241C,0.00,MLOANBILL has no PLOAN source; value is config default only.
9010565013,010565013C,0.00,MLOANBILL has no PLOAN source; value is config default only.
9010567983,010567983C,0.00,MLOANBILL has no PLOAN source; value is config default only.
9010583923,010583923C,0.00,MLOANBILL has no PLOAN source; value is config default only.
9010586005,010586005C,0.00,MLOANBILL has no PLOAN source; value is config default only.
9010639996,010639996C,0.00,MLOANBILL has no PLOAN source; value is config default only.
9010653596,010653596C,0.00,MLOANBILL has no PLOAN source; value is config default only.
9010718278,010718278C,0.00,MLOANBILL has no PLOAN source; value is config default only.
9010719815,010719815C,0.00,MLOANBILL has no PLOAN source; value is config default only.
9010722516,010722516C,0.00,MLOANBILL has no PLOAN source; value is config default only.
9010722734,010722734C,0.00,MLOANBILL has no PLOAN source; value is config default only.
9010726104,010726104C,0.00,MLOANBILL has no PLOAN source; value is config default only.
9010728696,010728696C,0.00,MLOANBILL has no PLOAN source; value is config default only.
9010730647,010730647C,0.00,MLOANBILL has no PLOAN source; value is config default only.
9010730780,010730780C,0.00,MLOANBILL has no PLOAN source; value is config default only.
9010731970,010731970C,0.00,MLOANBILL has no PLOAN source; value is config default only.
9010733472,010733472C,0.00,MLOANBILL has no PLOAN source; value is config default only.
9010733665,010733665C,0.00,MLOANBILL has no PLOAN source; value is config default only.
9010735585,010735585C,0.00,MLOANBILL has no PLOAN source; value is config default only.
9010736035,010736035C,0.00,MLOANBILL has no PLOAN source; value is config default only.
9010736283,010736283C,0.00,MLOANBILL has no PLOAN source; value is config default only.
9010736935,010736935C,0.00,MLOANBILL has no PLOAN source; value is config default only.
9010738161,010738161C,0.00,MLOANBILL has no PLOAN source; value is config default only.
9010738539,010738539C,0.00,MLOANBILL has no PLOAN source; value is config default only.
9010741234,010741234C,0.00,MLOANBILL has no PLOAN source; value is config default only.
9010741334,010741334C,0.00,MLOANBILL has no PLOAN source; value is config default only.
9010741943,010741943C,0.00,MLOANBILL has no PLOAN source; value is config default only.
9010743395,010743395C,0.00,MLOANBILL has no PLOAN source; value is config default only.
9010743832,010743832C,0.00,MLOANBILL has no PLOAN source; value is config default only.
9010745749,010745749C,0.00,MLOANBILL has no PLOAN source; value is config default only.
9010745811,010745811C,0.00,MLOANBILL has no PLOAN source; value is config default only.
9010746846,010746846C,0.00,MLOANBILL has no PLOAN source; value is config default only.
9010747243,010747243C,0.00,MLOANBILL has no PLOAN source; value is config default only.
9010747320,010747320C,0.00,MLOANBILL has no PLOAN source; value is config default only.
9010747636,010747636C,0.00,MLOANBILL has no PLOAN source; value is config default only.
9010748070,010748070C,0.00,MLOANBILL has no PLOAN source; value is config default only.
9010748073,010748073C,0.00,MLOANBILL has no PLOAN source; value is config default only.
9010748300,010748300C,0.00,MLOANBILL has no PLOAN source; value is config default only.
9010748334,010748334C,0.00,MLOANBILL has no PLOAN source; value is config default only.
9010748335,010748335C,0.00,MLOANBILL has no PLOAN source; value is config default only.
9010749053,010749053C,0.00,MLOANBILL has no PLOAN source; value is config default only.
9010749401,010749401C,0.00,MLOANBILL has no PLOAN source; value is config default only.
9010749906,010749906C,0.00,MLOANBILL has no PLOAN source; value is config default only.
9010749942,010749942C,0.00,MLOANBILL has no PLOAN source; value is config default only.
9010750265,010750265C,0.00,MLOANBILL has no PLOAN source; value is config default only.
9010750755,010750755C,0.00,MLOANBILL has no PLOAN source; value is config default only.
9010750812,010750812C,0.00,MLOANBILL has no PLOAN source; value is config default only.
9010750813,010750813C,0.00,MLOANBILL has no PLOAN source; value is config default only.
9010752513,010752513C,0.00,MLOANBILL has no PLOAN source; value is config default only.
9010752702,010752702C,0.00,MLOANBILL has no PLOAN source; value is config default only.
9010753409,010753409C,0.00,MLOANBILL has no PLOAN source; value is config default only.
9010754480,010754480C,0.00,MLOANBILL has no PLOAN source; value is config default only.
9010755885,010755885C,0.00,MLOANBILL has no PLOAN source; value is config default only.
9010756091,010756091C,0.00,MLOANBILL has no PLOAN source; value is config default only.
9010756212,010756212C,0.00,MLOANBILL has no PLOAN source; value is config default only.
9010756540,010756540C,0.00,MLOANBILL has no PLOAN source; value is config default only.
9010756833,010756833C,0.00,MLOANBILL has no PLOAN source; value is config default only.
9010756909,010756909C,0.00,MLOANBILL has no PLOAN source; value is config default only.
9010759530,010759530C,0.00,MLOANBILL has no PLOAN source; value is config default only.
9010759555,010759555C,0.00,MLOANBILL has no PLOAN source; value is config default only.
9010759932,010759932C,0.00,MLOANBILL has no PLOAN source; value is config default only.
9010760306,010760306C,0.00,MLOANBILL has no PLOAN source; value is config default only.
9010760840,010760840C,0.00,MLOANBILL has no PLOAN source; value is config default only.
9010760865,010760865C,0.00,MLOANBILL has no PLOAN source; value is config default only.
9010760873,010760873C,0.00,MLOANBILL has no PLOAN source; value is config default only.
9010760874,010760874C,0.00,MLOANBILL has no PLOAN source; value is config default only.
9010761639,010761639C,0.00,MLOANBILL has no PLOAN source; value is config default only.
9010761870,010761870C,0.00,MLOANBILL has no PLOAN source; value is config default only.
9010761965,010761965C,0.00,MLOANBILL has no PLOAN source; value is config default only.
9010761966,010761966C,0.00,MLOANBILL has no PLOAN source; value is config default only.
9010762047,010762047C,0.00,MLOANBILL has no PLOAN source; value is config default only.
9010762068,010762068C,0.00,MLOANBILL has no PLOAN source; value is config default only.
9010762331,010762331C,0.00,MLOANBILL has no PLOAN source; value is config default only.
9010763006,010763006C,0.00,MLOANBILL has no PLOAN source; value is config default only.
9010763063,010763063C,0.00,MLOANBILL has no PLOAN source; value is config default only.
9010763378,010763378C,0.00,MLOANBILL has no PLOAN source; value is config default only.
9010764348,010764348C,0.00,MLOANBILL has no PLOAN source; value is config default only.
9010764379,010764379C,0.00,MLOANBILL has no PLOAN source; value is config default only.
9010766057,010766057C,0.00,MLOANBILL has no PLOAN source; value is config default only.
9010766284,010766284C,0.00,MLOANBILL has no PLOAN source; value is config default only.
9010766847,010766847C,0.00,MLOANBILL has no PLOAN source; value is config default only.
9010766920,010766920C,0.00,MLOANBILL has no PLOAN source; value is config default only.
9010766921,010766921C,0.00,MLOANBILL has no PLOAN source; value is config default only.
9010767772,010767772C,0.00,MLOANBILL has no PLOAN source; value is config default only.
9010767776,010767776C,0.00,MLOANBILL has no PLOAN source; value is config default only.
9010769191,010769191C,0.00,MLOANBILL has no PLOAN source; value is config default only.
9010769345,010769345C,0.00,MLOANBILL has no PLOAN source; value is config default only.
9010769711,010769711C,0.00,MLOANBILL has no PLOAN source; value is config default only.
9010769714,010769714C,0.00,MLOANBILL has no PLOAN source; value is config default only.
9010770571,010770571C,0.00,MLOANBILL has no PLOAN source; value is config default only.
9010770572,010770572C,0.00,MLOANBILL has no PLOAN source; value is config default only.
9010770719,010770719C,0.00,MLOANBILL has no PLOAN source; value is config default only.
9010770721,010770721C,0.00,MLOANBILL has no PLOAN source; value is config default only.
9010770816,010770816C,0.00,MLOANBILL has no PLOAN source; value is config default only.
9010771111,010771111C,0.00,MLOANBILL has no PLOAN source; value is config default only.
9010771354,010771354C,0.00,MLOANBILL has no PLOAN source; value is config default only.
9010772840,010772840C,0.00,MLOANBILL has no PLOAN source; value is config default only.
9010772903,010772903C,0.00,MLOANBILL has no PLOAN source; value is config default only.
9010772919,010772919C,0.00,MLOANBILL has no PLOAN source; value is config default only.
9010773575,010773575C,0.00,MLOANBILL has no PLOAN source; value is config default only.
9010773681,010773681C,0.00,MLOANBILL has no PLOAN source; value is config default only.
9010773682,010773682C,0.00,MLOANBILL has no PLOAN source; value is config default only.
9010774107,010774107C,0.00,MLOANBILL has no PLOAN source; value is config default only.
9010774109,010774109C,0.00,MLOANBILL has no PLOAN source; value is config default only.
9010774490,010774490C,0.00,MLOANBILL has no PLOAN source; value is config default only.
9010774868,010774868C,0.00,MLOANBILL has no PLOAN source; value is config default only.
9010775239,010775239C,0.00,MLOANBILL has no PLOAN source; value is config default only.
9010775583,010775583C,0.00,MLOANBILL has no PLOAN source; value is config default only.
9010775940,010775940C,0.00,MLOANBILL has no PLOAN source; value is config default only.
9010776157,010776157C,0.00,MLOANBILL has no PLOAN source; value is config default only.
9010776502,010776502C,0.00,MLOANBILL has no PLOAN source; value is config default only.
9010776651,010776651C,0.00,MLOANBILL has no PLOAN source; value is config default only.
9010776653,010776653C,0.00,MLOANBILL has no PLOAN source; value is config default only.
9010776811,010776811C,0.00,MLOANBILL has no PLOAN source; value is config default only.
9010776918,010776918C,0.00,MLOANBILL has no PLOAN source; value is config default only.
9010778474,010778474C,0.00,MLOANBILL has no PLOAN source; value is config default only.
9010778653,010778653C,0.00,MLOANBILL has no PLOAN source; value is config default only.
9010778697,010778697C,0.00,MLOANBILL has no PLOAN source; value is config default only.
9010779556,010779556C,0.00,MLOANBILL has no PLOAN source; value is config default only.
9010779563,010779563C,0.00,MLOANBILL has no PLOAN source; value is config default only.
9010780510,010780510C,0.00,MLOANBILL has no PLOAN source; value is config default only.
9010780668,010780668C,0.00,MLOANBILL has no PLOAN source; value is config default only.
9010781368,010781368C,0.00,MLOANBILL has no PLOAN source; value is config default only.
9010782818,010782818C,0.00,MLOANBILL has no PLOAN source; value is config default only.
9010783066,010783066C,0.00,MLOANBILL has no PLOAN source; value is config default only.
9010783269,010783269C,0.00,MLOANBILL has no PLOAN source; value is config default only.
9010783296,010783296C,0.00,MLOANBILL has no PLOAN source; value is config default only.
9010783715,010783715C,0.00,MLOANBILL has no PLOAN source; value is config default only.
9010784248,010784248C,0.00,MLOANBILL has no PLOAN source; value is config default only.
9010784249,010784249C,0.00,MLOANBILL has no PLOAN source; value is config default only.
9010784592,010784592C,0.00,MLOANBILL has no PLOAN source; value is config default only.
9010784731,010784731C,0.00,MLOANBILL has no PLOAN source; value is config default only.
9010784732,010784732C,0.00,MLOANBILL has no PLOAN source; value is config default only.
9010784742,010784742C,0.00,MLOANBILL has no PLOAN source; value is config default only.
9010785049,010785049C,0.00,MLOANBILL has no PLOAN source; value is config default only.
9010785099,010785099C,0.00,MLOANBILL has no PLOAN source; value is config default only.
9010785163,010785163C,0.00,MLOANBILL has no PLOAN source; value is config default only.
9010786152,010786152C,0.00,MLOANBILL has no PLOAN source; value is config default only.
9010786321,010786321C,0.00,MLOANBILL has no PLOAN source; value is config default only.
9010786800,010786800C,0.00,MLOANBILL has no PLOAN source; value is config default only.
9010787668,010787668C,0.00,MLOANBILL has no PLOAN source; value is config default only.
9010787669,010787669C,0.00,MLOANBILL has no PLOAN source; value is config default only.
9010787730,010787730C,0.00,MLOANBILL has no PLOAN source; value is config default only.
9010787952,010787952C,0.00,MLOANBILL has no PLOAN source; value is config default only.
9010788878,010788878C,0.00,MLOANBILL has no PLOAN source; value is config default only.
9010789348,010789348C,0.00,MLOANBILL has no PLOAN source; value is config default only.
9010789531,010789531C,0.00,MLOANBILL has no PLOAN source; value is config default only.
9010789532,010789532C,0.00,MLOANBILL has no PLOAN source; value is config default only.
9010789546,010789546C,0.00,MLOANBILL has no PLOAN source; value is config default only.
9010789547,010789547C,0.00,MLOANBILL has no PLOAN source; value is config default only.
9010790531,010790531C,0.00,MLOANBILL has no PLOAN source; value is config default only.
9010790532,010790532C,0.00,MLOANBILL has no PLOAN source; value is config default only.
9010790754,010790754C,0.00,MLOANBILL has no PLOAN source; value is config default only.
9010790782,010790782C,0.00,MLOANBILL has no PLOAN source; value is config default only.
9010791498,010791498C,0.00,MLOANBILL has no PLOAN source; value is config default only.
9010792541,010792541C,0.00,MLOANBILL has no PLOAN source; value is config default only.
9010792705,010792705C,0.00,MLOANBILL has no PLOAN source; value is config default only.
9010792706,010792706C,0.00,MLOANBILL has no PLOAN source; value is config default only.
9010793451,010793451C,0.00,MLOANBILL has no PLOAN source; value is config default only.
9010793737,010793737C,0.00,MLOANBILL has no PLOAN source; value is config default only.
9010793738,010793738C,0.00,MLOANBILL has no PLOAN source; value is config default only.
9010794112,010794112C,0.00,MLOANBILL has no PLOAN source; value is config default only.
9010794265,010794265C,0.00,MLOANBILL has no PLOAN source; value is config default only.
9010794520,010794520C,0.00,MLOANBILL has no PLOAN source; value is config default only.
9010795047,010795047C,0.00,MLOANBILL has no PLOAN source; value is config default only.
9010795699,010795699C,0.00,MLOANBILL has no PLOAN source; value is config default only.
9010795840,010795840C,0.00,MLOANBILL has no PLOAN source; value is config default only.
9010796459,010796459C,0.00,MLOANBILL has no PLOAN source; value is config default only.
9010796464,010796464C,0.00,MLOANBILL has no PLOAN source; value is config default only.
9010796912,010796912C,0.00,MLOANBILL has no PLOAN source; value is config default only.
9010797196,010797196C,0.00,MLOANBILL has no PLOAN source; value is config default only.
9010797197,010797197C,0.00,MLOANBILL has no PLOAN source; value is config default only.
9010798018,010798018C,0.00,MLOANBILL has no PLOAN source; value is config default only.
9010800286,010800286C,0.00,MLOANBILL has no PLOAN source; value is config default only.
9010802647,010802647C,0.00,MLOANBILL has no PLOAN source; value is config default only.
9010803025,010803025C,0.00,MLOANBILL has no PLOAN source; value is config default only.
9010803026,010803026C,0.00,MLOANBILL has no PLOAN source; value is config default only.
9010803417,010803417C,0.00,MLOANBILL has no PLOAN source; value is config default only.
9010804608,010804608C,0.00,MLOANBILL has no PLOAN source; value is config default only.
9010804711,010804711C,0.00,MLOANBILL has no PLOAN source; value is config default only.
9010806596,010806596C,0.00,MLOANBILL has no PLOAN source; value is config default only.
9010806606,010806606C,0.00,MLOANBILL has no PLOAN source; value is config default only.
9010806653,010806653C,0.00,MLOANBILL has no PLOAN source; value is config default only.
9010807566,010807566C,0.00,MLOANBILL has no PLOAN source; value is config default only.
9010808106,010808106C,0.00,MLOANBILL has no PLOAN source; value is config default only.
9010808548,010808548C,0.00,MLOANBILL has no PLOAN source; value is config default only.
9010808831,010808831C,0.00,MLOANBILL has no PLOAN source; value is config default only.
9010808895,010808895C,0.00,MLOANBILL has no PLOAN source; value is config default only.
9010808901,010808901C,0.00,MLOANBILL has no PLOAN source; value is config default only.
9010809317,010809317C,0.00,MLOANBILL has no PLOAN source; value is config default only.
9010809320,010809320C,0.00,MLOANBILL has no PLOAN source; value is config default only.
9010809333,010809333C,0.00,MLOANBILL has no PLOAN source; value is config default only.
9010809353,010809353C,0.00,MLOANBILL has no PLOAN source; value is config default only.
9010809581,010809581C,0.00,MLOANBILL has no PLOAN source; value is config default only.
9010809966,010809966C,0.00,MLOANBILL has no PLOAN source; value is config default only.
9010810194,010810194C,0.00,MLOANBILL has no PLOAN source; value is config default only.
9010810271,010810271C,0.00,MLOANBILL has no PLOAN source; value is config default only.
9010810504,010810504C,0.00,MLOANBILL has no PLOAN source; value is config default only.
9010810539,010810539C,0.00,MLOANBILL has no PLOAN source; value is config default only.
9010810691,010810691C,0.00,MLOANBILL has no PLOAN source; value is config default only.
9010810912,010810912C,0.00,MLOANBILL has no PLOAN source; value is config default only.
9010811204,010811204C,0.00,MLOANBILL has no PLOAN source; value is config default only.
9010811250,010811250C,0.00,MLOANBILL has no PLOAN source; value is config default only.
9010811319,010811319C,0.00,MLOANBILL has no PLOAN source; value is config default only.
9010812930,010812930C,0.00,MLOANBILL has no PLOAN source; value is config default only.
9010813163,010813163C,0.00,MLOANBILL has no PLOAN source; value is config default only.
9010813414,010813414C,0.00,MLOANBILL has no PLOAN source; value is config default only.
9010813426,010813426C,0.00,MLOANBILL has no PLOAN source; value is config default only.
9010813427,010813427C,0.00,MLOANBILL has no PLOAN source; value is config default only.
9010814167,010814167C,0.00,MLOANBILL has no PLOAN source; value is config default only.
9010814172,010814172C,0.00,MLOANBILL has no PLOAN source; value is config default only.
9010814390,010814390C,0.00,MLOANBILL has no PLOAN source; value is config default only.
9010814559,010814559C,0.00,MLOANBILL has no PLOAN source; value is config default only.
9010814968,010814968C,0.00,MLOANBILL has no PLOAN source; value is config default only.
9010815236,010815236C,0.00,MLOANBILL has no PLOAN source; value is config default only.
9010815416,010815416C,0.00,MLOANBILL has no PLOAN source; value is config default only.
9010815417,010815417C,0.00,MLOANBILL has no PLOAN source; value is config default only.
9010815523,010815523C,0.00,MLOANBILL has no PLOAN source; value is config default only.
9010815524,010815524C,0.00,MLOANBILL has no PLOAN source; value is config default only.
9010816331,010816331C,0.00,MLOANBILL has no PLOAN source; value is config default only.
9010816898,010816898C,0.00,MLOANBILL has no PLOAN source; value is config default only.
9010816928,010816928C,0.00,MLOANBILL has no PLOAN source; value is config default only.
9010817366,010817366C,0.00,MLOANBILL has no PLOAN source; value is config default only.
9010817367,010817367C,0.00,MLOANBILL has no PLOAN source; value is config default only.
9010817415,010817415C,0.00,MLOANBILL has no PLOAN source; value is config default only.
9010817483,010817483C,0.00,MLOANBILL has no PLOAN source; value is config default only.
9010817639,010817639C,0.00,MLOANBILL has no PLOAN source; value is config default only.
9010817835,010817835C,0.00,MLOANBILL has no PLOAN source; value is config default only.
9010817836,010817836C,0.00,MLOANBILL has no PLOAN source; value is config default only.
9010818008,010818008C,0.00,MLOANBILL has no PLOAN source; value is config default only.
9010818051,010818051C,0.00,MLOANBILL has no PLOAN source; value is config default only.
9010819271,010819271C,0.00,MLOANBILL has no PLOAN source; value is config default only.
9010819400,010819400C,0.00,MLOANBILL has no PLOAN source; value is config default only.
9010819774,010819774C,0.00,MLOANBILL has no PLOAN source; value is config default only.
9010819960,010819960C,0.00,MLOANBILL has no PLOAN source; value is config default only.
9010819961,010819961C,0.00,MLOANBILL has no PLOAN source; value is config default only.
9010821381,010821381C,0.00,MLOANBILL has no PLOAN source; value is config default only.
9010822238,010822238C,0.00,MLOANBILL has no PLOAN source; value is config default only.
9010822851,010822851C,0.00,MLOANBILL has no PLOAN source; value is config default only.
9010823187,010823187C,0.00,MLOANBILL has no PLOAN source; value is config default only.
9010824611,010824611C,0.00,MLOANBILL has no PLOAN source; value is config default only.
9010825195,010825195C,0.00,MLOANBILL has no PLOAN source; value is config default only.
9010825694,010825694C,0.00,MLOANBILL has no PLOAN source; value is config default only.
9010825720,010825720C,0.00,MLOANBILL has no PLOAN source; value is config default only.
9010825968,010825968C,0.00,MLOANBILL has no PLOAN source; value is config default only.
9010825969,010825969C,0.00,MLOANBILL has no PLOAN source; value is config default only.
9010826097,010826097C,0.00,MLOANBILL has no PLOAN source; value is config default only.
9010826130,010826130C,0.00,MLOANBILL has no PLOAN source; value is config default only.
9010826133,010826133C,0.00,MLOANBILL has no PLOAN source; value is config default only.
9010827081,010827081C,0.00,MLOANBILL has no PLOAN source; value is config default only.
9010827434,010827434C,0.00,MLOANBILL has no PLOAN source; value is config default only.
9010827507,010827507C,0.00,MLOANBILL has no PLOAN source; value is config default only.
9010827528,010827528C,0.00,MLOANBILL has no PLOAN source; value is config default only.
9010827575,010827575C,0.00,MLOANBILL has no PLOAN source; value is config default only.
9010827674,010827674C,0.00,MLOANBILL has no PLOAN source; value is config default only.
9010827699,010827699C,0.00,MLOANBILL has no PLOAN source; value is config default only.
9010828368,010828368C,0.00,MLOANBILL has no PLOAN source; value is config default only.
9010828370,010828370C,0.00,MLOANBILL has no PLOAN source; value is config default only.
9010831150,010831150C,0.00,MLOANBILL has no PLOAN source; value is config default only.
9010831478,010831478C,0.00,MLOANBILL has no PLOAN source; value is config default only.
9010832626,010832626C,0.00,MLOANBILL has no PLOAN source; value is config default only.
9010832740,010832740C,0.00,MLOANBILL has no PLOAN source; value is config default only.
9010833382,010833382C,0.00,MLOANBILL has no PLOAN source; value is config default only.
9010833467,010833467C,0.00,MLOANBILL has no PLOAN source; value is config default only.
9010834414,010834414C,0.00,MLOANBILL has no PLOAN source; value is config default only.
9010834430,010834430C,0.00,MLOANBILL has no PLOAN source; value is config default only.
9010834489,010834489C,0.00,MLOANBILL has no PLOAN source; value is config default only.
9010834689,010834689C,0.00,MLOANBILL has no PLOAN source; value is config default only.
9010834690,010834690C,0.00,MLOANBILL has no PLOAN source; value is config default only.
9010835334,010835334C,0.00,MLOANBILL has no PLOAN source; value is config default only.
9010836265,010836265C,0.00,MLOANBILL has no PLOAN source; value is config default only.
9010838863,010838863C,0.00,MLOANBILL has no PLOAN source; value is config default only.
9010839290,010839290C,0.00,MLOANBILL has no PLOAN source; value is config default only.
9010839783,010839783C,0.00,MLOANBILL has no PLOAN source; value is config default only.
9010839784,010839784C,0.00,MLOANBILL has no PLOAN source; value is config default only.
9010840848,010840848C,0.00,MLOANBILL has no PLOAN source; value is config default only.
9010841782,010841782C,0.00,MLOANBILL has no PLOAN source; value is config default only.
9010841783,010841783C,0.00,MLOANBILL has no PLOAN source; value is config default only.
9010842016,010842016C,0.00,MLOANBILL has no PLOAN source; value is config default only.
9010842017,010842017C,0.00,MLOANBILL has no PLOAN source; value is config default only.
9010842026,010842026C,0.00,MLOANBILL has no PLOAN source; value is config default only.
9010842291,010842291C,0.00,MLOANBILL has no PLOAN source; value is config default only.
9010842857,010842857C,0.00,MLOANBILL has no PLOAN source; value is config default only.
9010842863,010842863C,0.00,MLOANBILL has no PLOAN source; value is config default only.
9010842962,010842962C,0.00,MLOANBILL has no PLOAN source; value is config default only.
9010844069,010844069C,0.00,MLOANBILL has no PLOAN source; value is config default only.
9010844322,010844322C,0.00,MLOANBILL has no PLOAN source; value is config default only.
9010844496,010844496C,0.00,MLOANBILL has no PLOAN source; value is config default only.
9010845307,010845307C,0.00,MLOANBILL has no PLOAN source; value is config default only.
9010845706,010845706C,0.00,MLOANBILL has no PLOAN source; value is config default only.
9010845880,010845880C,0.00,MLOANBILL has no PLOAN source; value is config default only.
9010846851,010846851C,0.00,MLOANBILL has no PLOAN source; value is config default only.
9010847191,010847191C,0.00,MLOANBILL has no PLOAN source; value is config default only.
9010847570,010847570C,0.00,MLOANBILL has no PLOAN source; value is config default only.
9010847571,010847571C,0.00,MLOANBILL has no PLOAN source; value is config default only.
9010848255,010848255C,0.00,MLOANBILL has no PLOAN source; value is config default only.
9010848256,010848256C,0.00,MLOANBILL has no PLOAN source; value is config default only.
9010848292,010848292C,0.00,MLOANBILL has no PLOAN source; value is config default only.
9010851112,010851112C,0.00,MLOANBILL has no PLOAN source; value is config default only.
9010851148,010851148C,0.00,MLOANBILL has no PLOAN source; value is config default only.
9010851847,010851847C,0.00,MLOANBILL has no PLOAN source; value is config default only.
9010852709,010852709C,0.00,MLOANBILL has no PLOAN source; value is config default only.
9010852748,010852748C,0.00,MLOANBILL has no PLOAN source; value is config default only.
9010853070,010853070C,0.00,MLOANBILL has no PLOAN source; value is config default only.
9010853285,010853285C,0.00,MLOANBILL has no PLOAN source; value is config default only.
9010854307,010854307C,0.00,MLOANBILL has no PLOAN source; value is config default only.
9010855657,010855657C,0.00,MLOANBILL has no PLOAN source; value is config default only.
9010855945,010855945C,0.00,MLOANBILL has no PLOAN source; value is config default only.
9010856188,010856188C,0.00,MLOANBILL has no PLOAN source; value is config default only.
9010856189,010856189C,0.00,MLOANBILL has no PLOAN source; value is config default only.
9010856925,010856925C,0.00,MLOANBILL has no PLOAN source; value is config default only.
9010858099,010858099C,0.00,MLOANBILL has no PLOAN source; value is config default only.
9010858124,010858124C,0.00,MLOANBILL has no PLOAN source; value is config default only.
9010858434,010858434C,0.00,MLOANBILL has no PLOAN source; value is config default only.
9010858435,010858435C,0.00,MLOANBILL has no PLOAN source; value is config default only.
9010858613,010858613C,0.00,MLOANBILL has no PLOAN source; value is config default only.
9010860471,010860471C,0.00,MLOANBILL has no PLOAN source; value is config default only.
9010860472,010860472C,0.00,MLOANBILL has no PLOAN source; value is config default only.
9010862097,010862097C,0.00,MLOANBILL has no PLOAN source; value is config default only.
9010863788,010863788C,0.00,MLOANBILL has no PLOAN source; value is config default only.
9010864397,010864397C,0.00,MLOANBILL has no PLOAN source; value is config default only.
9010866396,010866396C,0.00,MLOANBILL has no PLOAN source; value is config default only.
9010867974,010867974C,0.00,MLOANBILL has no PLOAN source; value is config default only.
9010868131,010868131C,0.00,MLOANBILL has no PLOAN source; value is config default only.
9010870474,010870474C,0.00,MLOANBILL has no PLOAN source; value is config default only.
9010872105,010872105C,0.00,MLOANBILL has no PLOAN source; value is config default only.
9010872324,010872324C,0.00,MLOANBILL has no PLOAN source; value is config default only.
9010872329,010872329C,0.00,MLOANBILL has no PLOAN source; value is config default only.
9010872404,010872404C,0.00,MLOANBILL has no PLOAN source; value is config default only.
9010872406,010872406C,0.00,MLOANBILL has no PLOAN source; value is config default only.
9010872522,010872522C,0.00,MLOANBILL has no PLOAN source; value is config default only.
9010873155,010873155C,0.00,MLOANBILL has no PLOAN source; value is config default only.
9010873283,010873283C,0.00,MLOANBILL has no PLOAN source; value is config default only.
9010874688,010874688C,0.00,MLOANBILL has no PLOAN source; value is config default only.
9010875065,010875065C,0.00,MLOANBILL has no PLOAN source; value is config default only.
9010877009,010877009C,0.00,MLOANBILL has no PLOAN source; value is config default only.
9010878099,010878099C,0.00,MLOANBILL has no PLOAN source; value is config default only.
9010880257,010880257C,0.00,MLOANBILL has no PLOAN source; value is config default only.
9010880362,010880362C,0.00,MLOANBILL has no PLOAN source; value is config default only.
9010881272,010881272C,0.00,MLOANBILL has no PLOAN source; value is config default only.
9010881301,010881301C,0.00,MLOANBILL has no PLOAN source; value is config default only.
9010882408,010882408C,0.00,MLOANBILL has no PLOAN source; value is config default only.
9010883172,010883172C,0.00,MLOANBILL has no PLOAN source; value is config default only.
9010883244,010883244C,0.00,MLOANBILL has no PLOAN source; value is config default only.
9010883533,010883533C,0.00,MLOANBILL has no PLOAN source; value is config default only.
9010886528,010886528C,0.00,MLOANBILL has no PLOAN source; value is config default only.
9010887927,010887927C,0.00,MLOANBILL has no PLOAN source; value is config default only.
9010887929,010887929C,0.00,MLOANBILL has no PLOAN source; value is config default only.
9010891075,010891075C,0.00,MLOANBILL has no PLOAN source; value is config default only.
9010892327,010892327C,0.00,MLOANBILL has no PLOAN source; value is config default only.
9010892695,010892695C,0.00,MLOANBILL has no PLOAN source; value is config default only.
9010894743,010894743C,0.00,MLOANBILL has no PLOAN source; value is config default only.
9010895934,010895934C,0.00,MLOANBILL has no PLOAN source; value is config default only.
9010895935,010895935C,0.00,MLOANBILL has no PLOAN source; value is config default only.
9010895936,010895936C,0.00,MLOANBILL has no PLOAN source; value is config default only.
9010897521,010897521C,0.00,MLOANBILL has no PLOAN source; value is config default only.
9010897662,010897662C,0.00,MLOANBILL has no PLOAN source; value is config default only.
9010897663,010897663C,0.00,MLOANBILL has no PLOAN source; value is config default only.
9010897664,010897664C,0.00,MLOANBILL has no PLOAN source; value is config default only.
9010899709,010899709C,0.00,MLOANBILL has no PLOAN source; value is config default only.
9010899715,010899715C,0.00,MLOANBILL has no PLOAN source; value is config default only.
9010899716,010899716C,0.00,MLOANBILL has no PLOAN source; value is config default only.
9010899717,010899717C,0.00,MLOANBILL has no PLOAN source; value is config default only.
9010899718,010899718C,0.00,MLOANBILL has no PLOAN source; value is config default only.
9010899761,010899761C,0.00,MLOANBILL has no PLOAN source; value is config default only.
9010900512,010900512C,0.00,MLOANBILL has no PLOAN source; value is config default only.
9010901657,010901657C,0.00,MLOANBILL has no PLOAN source; value is config default only.
9010901775,010901775C,0.00,MLOANBILL has no PLOAN source; value is config default only.
9010901832,010901832C,0.00,MLOANBILL has no PLOAN source; value is config default only.
9010904808,010904808C,0.00,MLOANBILL has no PLOAN source; value is config default only.
9010904809,010904809C,0.00,MLOANBILL has no PLOAN source; value is config default only.
9010904810,010904810C,0.00,MLOANBILL has no PLOAN source; value is config default only.
9010905200,010905200C,0.00,MLOANBILL has no PLOAN source; value is config default only.
9010908068,010908068C,0.00,MLOANBILL has no PLOAN source; value is config default only.
9010908669,010908669C,0.00,MLOANBILL has no PLOAN source; value is config default only.
9010909669,010909669C,0.00,MLOANBILL has no PLOAN source; value is config default only.
9010913059,010913059C,0.00,MLOANBILL has no PLOAN source; value is config default only.
9010913799,010913799C,0.00,MLOANBILL has no PLOAN source; value is config default only.
9010917231,010917231C,0.00,MLOANBILL has no PLOAN source; value is config default only.
9010917599,010917599C,0.00,MLOANBILL has no PLOAN source; value is config default only.
9010917600,010917600C,0.00,MLOANBILL has no PLOAN source; value is config default only.
9010920186,010920186C,0.00,MLOANBILL has no PLOAN source; value is config default only.
9010924513,010924513C,0.00,MLOANBILL has no PLOAN source; value is config default only.
9010924660,010924660C,0.00,MLOANBILL has no PLOAN source; value is config default only.
9010927421,010927421C,0.00,MLOANBILL has no PLOAN source; value is config default only.
9010927552,010927552C,0.00,MLOANBILL has no PLOAN source; value is config default only.
9010928491,010928491C,0.00,MLOANBILL has no PLOAN source; value is config default only.
9010928495,010928495C,0.00,MLOANBILL has no PLOAN source; value is config default only.
9010928497,010928497C,0.00,MLOANBILL has no PLOAN source; value is config default only.
9010928498,010928498C,0.00,MLOANBILL has no PLOAN source; value is config default only.
9010928507,010928507C,0.00,MLOANBILL has no PLOAN source; value is config default only.
9010928775,010928775C,0.00,MLOANBILL has no PLOAN source; value is config default only.
9010933488,010933488C,0.00,MLOANBILL has no PLOAN source; value is config default only.
9010937087,010937087C,0.00,MLOANBILL has no PLOAN source; value is config default only.
9010937735,010937735C,0.00,MLOANBILL has no PLOAN source; value is config default only.
9010938121,010938121C,0.00,MLOANBILL has no PLOAN source; value is config default only.
9010938321,010938321C,0.00,MLOANBILL has no PLOAN source; value is config default only.
9010942246,010942246C,0.00,MLOANBILL has no PLOAN source; value is config default only.
9010946647,010946647C,0.00,MLOANBILL has no PLOAN source; value is config default only.
9010949672,010949672C,0.00,MLOANBILL has no PLOAN source; value is config default only.
9010951159,010951159C,0.00,MLOANBILL has no PLOAN source; value is config default only.
9010953834,010953834C,0.00,MLOANBILL has no PLOAN source; value is config default only.
9010956144,010956144C,0.00,MLOANBILL has no PLOAN source; value is config default only.
9010956145,010956145C,0.00,MLOANBILL has no PLOAN source; value is config default only.
9010958268,010958268C,0.00,MLOANBILL has no PLOAN source; value is config default only.
9010968283,010968283C,0.00,MLOANBILL has no PLOAN source; value is config default only.
9010969329,010969329C,0.00,MLOANBILL has no PLOAN source; value is config default only.
9010979005,010979005C,0.00,MLOANBILL has no PLOAN source; value is config default only.
9010980833,010980833C,0.00,MLOANBILL has no PLOAN source; value is config default only.
9010985597,010985597C,0.00,MLOANBILL has no PLOAN source; value is config default only.
9010987089,010987089C,0.00,MLOANBILL has no PLOAN source; value is config default only.
9010987095,010987095C,0.00,MLOANBILL has no PLOAN source; value is config default only.
9010987413,010987413C,0.00,MLOANBILL has no PLOAN source; value is config default only.
9010988150,010988150C,0.00,MLOANBILL has no PLOAN source; value is config default only.
9010991108,010991108C,0.00,MLOANBILL has no PLOAN source; value is config default only.
9010994236,010994236C,0.00,MLOANBILL has no PLOAN source; value is config default only.
9010994968,010994968C,0.00,MLOANBILL has no PLOAN source; value is config default only.
9010995983,010995983C,0.00,MLOANBILL has no PLOAN source; value is config default only.
9010995984,010995984C,0.00,MLOANBILL has no PLOAN source; value is config default only.
9011000000,011000000C,0.00,MLOANBILL has no PLOAN source; value is config default only.
9011001627,011001627C,0.00,MLOANBILL has no PLOAN source; value is config default only.
9011003108,011003108C,0.00,MLOANBILL has no PLOAN source; value is config default only.
9011004587,011004587C,0.00,MLOANBILL has no PLOAN source; value is config default only.
9011005435,011005435C,0.00,MLOANBILL has no PLOAN source; value is config default only.
9011006697,011006697C,0.00,MLOANBILL has no PLOAN source; value is config default only.
9011008708,011008708C,0.00,MLOANBILL has no PLOAN source; value is config default only.
9011010387,011010387C,0.00,MLOANBILL has no PLOAN source; value is config default only.
9011014578,011014578C,0.00,MLOANBILL has no PLOAN source; value is config default only.
9011014579,011014579C,0.00,MLOANBILL has no PLOAN source; value is config default only.
9011014580,011014580C,0.00,MLOANBILL has no PLOAN source; value is config default only.
9011023549,011023549C,0.00,MLOANBILL has no PLOAN source; value is config default only.
9011025612,011025612C,0.00,MLOANBILL has no PLOAN source; value is config default only.
9011029547,011029547C,0.00,MLOANBILL has no PLOAN source; value is config default only.
9011033576,011033576C,0.00,MLOANBILL has no PLOAN source; value is config default only.
9011038794,011038794C,0.00,MLOANBILL has no PLOAN source; value is config default only.
9011040294,011040294C,0.00,MLOANBILL has no PLOAN source; value is config default only.
9011041220,011041220C,0.00,MLOANBILL has no PLOAN source; value is config default only.
9011042400,011042400C,0.00,MLOANBILL has no PLOAN source; value is config default only.
9011042625,011042625C,0.00,MLOANBILL has no PLOAN source; value is config default only.
9011045768,011045768C,0.00,MLOANBILL has no PLOAN source; value is config default only.
9011045769,011045769C,0.00,MLOANBILL has no PLOAN source; value is config default only.
9011047682,011047682C,0.00,MLOANBILL has no PLOAN source; value is config default only.
9011047683,011047683C,0.00,MLOANBILL has no PLOAN source; value is config default only.
9011047684,011047684C,0.00,MLOANBILL has no PLOAN source; value is config default only.
9011050803,011050803C,0.00,MLOANBILL has no PLOAN source; value is config default only.
9011050804,011050804C,0.00,MLOANBILL has no PLOAN source; value is config default only.
9011051851,011051851C,0.00,MLOANBILL has no PLOAN source; value is config default only.
9011052581,011052581C,0.00,MLOANBILL has no PLOAN source; value is config default only.
9011053428,011053428C,0.00,MLOANBILL has no PLOAN source; value is config default only.
9011057904,011057904C,0.00,MLOANBILL has no PLOAN source; value is config default only.
9011059175,011059175C,0.00,MLOANBILL has no PLOAN source; value is config default only.
9011059421,011059421C,0.00,MLOANBILL has no PLOAN source; value is config default only.
9011060710,011060710C,0.00,MLOANBILL has no PLOAN source; value is config default only.
9011061607,011061607C,0.00,MLOANBILL has no PLOAN source; value is config default only.
9011061723,011061723C,0.00,MLOANBILL has no PLOAN source; value is config default only.
9011066023,011066023C,0.00,MLOANBILL has no PLOAN source; value is config default only.
9011068750,011068750C,0.00,MLOANBILL has no PLOAN source; value is config default only.
9011068751,011068751C,0.00,MLOANBILL has no PLOAN source; value is config default only.
9011071480,011071480C,0.00,MLOANBILL has no PLOAN source; value is config default only.
9011074703,011074703C,0.00,MLOANBILL has no PLOAN source; value is config default only.
9011075595,011075595C,0.00,MLOANBILL has no PLOAN source; value is config default only.
9011075596,011075596C,0.00,MLOANBILL has no PLOAN source; value is config default only.
9011075754,011075754C,0.00,MLOANBILL has no PLOAN source; value is config default only.
9011075863,011075863C,0.00,MLOANBILL has no PLOAN source; value is config default only.
9011077285,011077285C,0.00,MLOANBILL has no PLOAN source; value is config default only.
9011078050,011078050C,0.00,MLOANBILL has no PLOAN source; value is config default only.
9011078051,011078051C,0.00,MLOANBILL has no PLOAN source; value is config default only.
9011078262,011078262C,0.00,MLOANBILL has no PLOAN source; value is config default only.
9011078891,011078891C,0.00,MLOANBILL has no PLOAN source; value is config default only.
9011081463,011081463C,0.00,MLOANBILL has no PLOAN source; value is config default only.
9011081464,011081464C,0.00,MLOANBILL has no PLOAN source; value is config default only.
9011081465,011081465C,0.00,MLOANBILL has no PLOAN source; value is config default only.
9011081966,011081966C,0.00,MLOANBILL has no PLOAN source; value is config default only.
9011081967,011081967C,0.00,MLOANBILL has no PLOAN source; value is config default only.
9011082681,011082681C,0.00,MLOANBILL has no PLOAN source; value is config default only.
9011087127,011087127C,0.00,MLOANBILL has no PLOAN source; value is config default only.
9011087128,011087128C,0.00,MLOANBILL has no PLOAN source; value is config default only.
9011087230,011087230C,0.00,MLOANBILL has no PLOAN source; value is config default only.
9011089397,011089397C,0.00,MLOANBILL has no PLOAN source; value is config default only.
9011092549,011092549C,0.00,MLOANBILL has no PLOAN source; value is config default only.
9011095330,011095330C,0.00,MLOANBILL has no PLOAN source; value is config default only.
9011095851,011095851C,0.00,MLOANBILL has no PLOAN source; value is config default only.
9011096068,011096068C,0.00,MLOANBILL has no PLOAN source; value is config default only.
9011100907,011100907C,0.00,MLOANBILL has no PLOAN source; value is config default only.
9011101578,011101578C,0.00,MLOANBILL has no PLOAN source; value is config default only.
9011101607,011101607C,0.00,MLOANBILL has no PLOAN source; value is config default only.
9011102270,011102270C,0.00,MLOANBILL has no PLOAN source; value is config default only.
9011102551,011102551C,0.00,MLOANBILL has no PLOAN source; value is config default only.
9011102787,011102787C,0.00,MLOANBILL has no PLOAN source; value is config default only.
9011104064,011104064C,0.00,MLOANBILL has no PLOAN source; value is config default only.
9011105008,011105008C,0.00,MLOANBILL has no PLOAN source; value is config default only.
9011105232,011105232C,0.00,MLOANBILL has no PLOAN source; value is config default only.
9011105385,011105385C,0.00,MLOANBILL has no PLOAN source; value is config default only.
9011105386,011105386C,0.00,MLOANBILL has no PLOAN source; value is config default only.
9011105523,011105523C,0.00,MLOANBILL has no PLOAN source; value is config default only.
9011105839,011105839C,0.00,MLOANBILL has no PLOAN source; value is config default only.
9011106598,011106598C,0.00,MLOANBILL has no PLOAN source; value is config default only.
9011107137,011107137C,0.00,MLOANBILL has no PLOAN source; value is config default only.
9011109446,011109446C,0.00,MLOANBILL has no PLOAN source; value is config default only.
9011109994,011109994C,0.00,MLOANBILL has no PLOAN source; value is config default only.
9011113250,011113250C,0.00,MLOANBILL has no PLOAN source; value is config default only.
9011114096,011114096C,0.00,MLOANBILL has no PLOAN source; value is config default only.
9011114950,011114950C,0.00,MLOANBILL has no PLOAN source; value is config default only.
9011118229,011118229C,0.00,MLOANBILL has no PLOAN source; value is config default only.
9011118555,011118555C,0.00,MLOANBILL has no PLOAN source; value is config default only.
9011118615,011118615C,0.00,MLOANBILL has no PLOAN source; value is config default only.
9011120297,011120297C,0.00,MLOANBILL has no PLOAN source; value is config default only.
9011122230,011122230C,0.00,MLOANBILL has no PLOAN source; value is config default only.
9011122680,011122680C,0.00,MLOANBILL has no PLOAN source; value is config default only.
9011129276,011129276C,0.00,MLOANBILL has no PLOAN source; value is config default only.
9011129883,011129883C,0.00,MLOANBILL has no PLOAN source; value is config default only.
9011130547,011130547C,0.00,MLOANBILL has no PLOAN source; value is config default only.
9011132516,011132516C,0.00,MLOANBILL has no PLOAN source; value is config default only.
9011135494,011135494C,0.00,MLOANBILL has no PLOAN source; value is config default only.
9011136476,011136476C,0.00,MLOANBILL has no PLOAN source; value is config default only.
9011139474,011139474C,0.00,MLOANBILL has no PLOAN source; value is config default only.
9011139778,011139778C,0.00,MLOANBILL has no PLOAN source; value is config default only.
9011140185,011140185C,0.00,MLOANBILL has no PLOAN source; value is config default only.
9011140516,011140516C,0.00,MLOANBILL has no PLOAN source; value is config default only.
9011140652,011140652C,0.00,MLOANBILL has no PLOAN source; value is config default only.
9011141382,011141382C,0.00,MLOANBILL has no PLOAN source; value is config default only.
9011145429,011145429C,0.00,MLOANBILL has no PLOAN source; value is config default only.
9011148847,011148847C,0.00,MLOANBILL has no PLOAN source; value is config default only.
9011151209,011151209C,0.00,MLOANBILL has no PLOAN source; value is config default only.
9011151285,011151285C,0.00,MLOANBILL has no PLOAN source; value is config default only.
9011151436,011151436C,0.00,MLOANBILL has no PLOAN source; value is config default only.
9011152459,011152459C,0.00,MLOANBILL has no PLOAN source; value is config default only.
9011152870,011152870C,0.00,MLOANBILL has no PLOAN source; value is config default only.
9011154752,011154752C,0.00,MLOANBILL has no PLOAN source; value is config default only.
9011154852,011154852C,0.00,MLOANBILL has no PLOAN source; value is config default only.
9011158068,011158068C,0.00,MLOANBILL has no PLOAN source; value is config default only.
9011158069,011158069C,0.00,MLOANBILL has no PLOAN source; value is config default only.
9011158071,011158071C,0.00,MLOANBILL has no PLOAN source; value is config default only.
9011158320,011158320C,0.00,MLOANBILL has no PLOAN source; value is config default only.
9011158530,011158530C,0.00,MLOANBILL has no PLOAN source; value is config default only.
9011158531,011158531C,0.00,MLOANBILL has no PLOAN source; value is config default only.
9011160478,011160478C,0.00,MLOANBILL has no PLOAN source; value is config default only.
9011160479,011160479C,0.00,MLOANBILL has no PLOAN source; value is config default only.
9011160480,011160480C,0.00,MLOANBILL has no PLOAN source; value is config default only.
9011162203,011162203C,0.00,MLOANBILL has no PLOAN source; value is config default only.
9011163086,011163086C,0.00,MLOANBILL has no PLOAN source; value is config default only.
9011175485,011175485C,0.00,MLOANBILL has no PLOAN source; value is config default only.
9011176782,011176782C,0.00,MLOANBILL has no PLOAN source; value is config default only.
9011177896,011177896C,0.00,MLOANBILL has no PLOAN source; value is config default only.
9011177899,011177899C,0.00,MLOANBILL has no PLOAN source; value is config default only.
9011178455,011178455C,0.00,MLOANBILL has no PLOAN source; value is config default only.
9011179153,011179153C,0.00,MLOANBILL has no PLOAN source; value is config default only.
9011179371,011179371C,0.00,MLOANBILL has no PLOAN source; value is config default only.
9011181080,011181080C,0.00,MLOANBILL has no PLOAN source; value is config default only.
9011181544,011181544C,0.00,MLOANBILL has no PLOAN source; value is config default only.
9011183653,011183653C,0.00,MLOANBILL has no PLOAN source; value is config default only.
9011183936,011183936C,0.00,MLOANBILL has no PLOAN source; value is config default only.
9011184753,011184753C,0.00,MLOANBILL has no PLOAN source; value is config default only.
9011185002,011185002C,0.00,MLOANBILL has no PLOAN source; value is config default only.
9011185059,011185059C,0.00,MLOANBILL has no PLOAN source; value is config default only.
9011185375,011185375C,0.00,MLOANBILL has no PLOAN source; value is config default only.
9011185943,011185943C,0.00,MLOANBILL has no PLOAN source; value is config default only.
9011185944,011185944C,0.00,MLOANBILL has no PLOAN source; value is config default only.
9011187300,011187300C,0.00,MLOANBILL has no PLOAN source; value is config default only.
9011188288,011188288C,0.00,MLOANBILL has no PLOAN source; value is config default only.
9011189530,011189530C,0.00,MLOANBILL has no PLOAN source; value is config default only.
9011189851,011189851C,0.00,MLOANBILL has no PLOAN source; value is config default only.
9011190146,011190146C,0.00,MLOANBILL has no PLOAN source; value is config default only.
9011190388,011190388C,0.00,MLOANBILL has no PLOAN source; value is config default only.
9011190668,011190668C,0.00,MLOANBILL has no PLOAN source; value is config default only.
9011191513,011191513C,0.00,MLOANBILL has no PLOAN source; value is config default only.
9011191779,011191779C,0.00,MLOANBILL has no PLOAN source; value is config default only.
9011191892,011191892C,0.00,MLOANBILL has no PLOAN source; value is config default only.
9011192121,011192121C,0.00,MLOANBILL has no PLOAN source; value is config default only.
9011193165,011193165C,0.00,MLOANBILL has no PLOAN source; value is config default only.
9011193218,011193218C,0.00,MLOANBILL has no PLOAN source; value is config default only.
9011193674,011193674C,0.00,MLOANBILL has no PLOAN source; value is config default only.
9011193692,011193692C,0.00,MLOANBILL has no PLOAN source; value is config default only.
9011194381,011194381C,0.00,MLOANBILL has no PLOAN source; value is config default only.
9011194729,011194729C,0.00,MLOANBILL has no PLOAN source; value is config default only.
9011194768,011194768C,0.00,MLOANBILL has no PLOAN source; value is config default only.
9011195139,011195139C,0.00,MLOANBILL has no PLOAN source; value is config default only.
9011195201,011195201C,0.00,MLOANBILL has no PLOAN source; value is config default only.
9011195601,011195601C,0.00,MLOANBILL has no PLOAN source; value is config default only.
9011195602,011195602C,0.00,MLOANBILL has no PLOAN source; value is config default only.
9011196134,011196134C,0.00,MLOANBILL has no PLOAN source; value is config default only.
9011196169,011196169C,0.00,MLOANBILL has no PLOAN source; value is config default only.
9011196170,011196170C,0.00,MLOANBILL has no PLOAN source; value is config default only.
9011196444,011196444C,0.00,MLOANBILL has no PLOAN source; value is config default only.
9011196445,011196445C,0.00,MLOANBILL has no PLOAN source; value is config default only.
9011196852,011196852C,0.00,MLOANBILL has no PLOAN source; value is config default only.
9011197220,011197220C,0.00,MLOANBILL has no PLOAN source; value is config default only.
9011197244,011197244C,0.00,MLOANBILL has no PLOAN source; value is config default only.
9011197712,011197712C,0.00,MLOANBILL has no PLOAN source; value is config default only.
9011197713,011197713C,0.00,MLOANBILL has no PLOAN source; value is config default only.
9011197714,011197714C,0.00,MLOANBILL has no PLOAN source; value is config default only.
9011197715,011197715C,0.00,MLOANBILL has no PLOAN source; value is config default only.
9011197716,011197716C,0.00,MLOANBILL has no PLOAN source; value is config default only.
9011198043,011198043C,0.00,MLOANBILL has no PLOAN source; value is config default only.
9011198246,011198246C,0.00,MLOANBILL has no PLOAN source; value is config default only.
9011198305,011198305C,0.00,MLOANBILL has no PLOAN source; value is config default only.
9011198306,011198306C,0.00,MLOANBILL has no PLOAN source; value is config default only.
9011198765,011198765C,0.00,MLOANBILL has no PLOAN source; value is config default only.
9011198799,011198799C,0.00,MLOANBILL has no PLOAN source; value is config default only.
9011198845,011198845C,0.00,MLOANBILL has no PLOAN source; value is config default only.
9011198871,011198871C,0.00,MLOANBILL has no PLOAN source; value is config default only.
9011198926,011198926C,0.00,MLOANBILL has no PLOAN source; value is config default only.
9011198951,011198951C,0.00,MLOANBILL has no PLOAN source; value is config default only.
9011198997,011198997C,0.00,MLOANBILL has no PLOAN source; value is config default only.
9011199549,011199549C,0.00,MLOANBILL has no PLOAN source; value is config default only.
9011199612,011199612C,0.00,MLOANBILL has no PLOAN source; value is config default only.
9011200008,011200008C,0.00,MLOANBILL has no PLOAN source; value is config default only.
9011200012,011200012C,0.00,MLOANBILL has no PLOAN source; value is config default only.
9011200196,011200196C,0.00,MLOANBILL has no PLOAN source; value is config default only.
9011200570,011200570C,0.00,MLOANBILL has no PLOAN source; value is config default only.
9011200673,011200673C,0.00,MLOANBILL has no PLOAN source; value is config default only.
9011200872,011200872C,0.00,MLOANBILL has no PLOAN source; value is config default only.
9011202381,011202381C,0.00,MLOANBILL has no PLOAN source; value is config default only.
9011203371,011203371C,0.00,MLOANBILL has no PLOAN source; value is config default only.
9011203455,011203455C,0.00,MLOANBILL has no PLOAN source; value is config default only.
9011203456,011203456C,0.00,MLOANBILL has no PLOAN source; value is config default only.
9011203458,011203458C,0.00,MLOANBILL has no PLOAN source; value is config default only.
9011203598,011203598C,0.00,MLOANBILL has no PLOAN source; value is config default only.
9011204257,011204257C,0.00,MLOANBILL has no PLOAN source; value is config default only.
9011205919,011205919C,0.00,MLOANBILL has no PLOAN source; value is config default only.
9011206410,011206410C,0.00,MLOANBILL has no PLOAN source; value is config default only.
9011206644,011206644C,0.00,MLOANBILL has no PLOAN source; value is config default only.
9011207112,011207112C,0.00,MLOANBILL has no PLOAN source; value is config default only.
9011207113,011207113C,0.00,MLOANBILL has no PLOAN source; value is config default only.
9011207114,011207114C,0.00,MLOANBILL has no PLOAN source; value is config default only.
9011207115,011207115C,0.00,MLOANBILL has no PLOAN source; value is config default only.
9011207116,011207116C,0.00,MLOANBILL has no PLOAN source; value is config default only.
9011207117,011207117C,0.00,MLOANBILL has no PLOAN source; value is config default only.
9011207222,011207222C,0.00,MLOANBILL has no PLOAN source; value is config default only.
9011207733,011207733C,0.00,MLOANBILL has no PLOAN source; value is config default only.
9011208332,011208332C,0.00,MLOANBILL has no PLOAN source; value is config default only.
9011208787,011208787C,0.00,MLOANBILL has no PLOAN source; value is config default only.
9011209064,011209064C,0.00,MLOANBILL has no PLOAN source; value is config default only.
9011209262,011209262C,0.00,MLOANBILL has no PLOAN source; value is config default only.
9011209469,011209469C,0.00,MLOANBILL has no PLOAN source; value is config default only.
9011209496,011209496C,0.00,MLOANBILL has no PLOAN source; value is config default only.
9011209916,011209916C,0.00,MLOANBILL has no PLOAN source; value is config default only.
9011210060,011210060C,0.00,MLOANBILL has no PLOAN source; value is config default only.
9011210149,011210149C,0.00,MLOANBILL has no PLOAN source; value is config default only.
9011210611,011210611C,0.00,MLOANBILL has no PLOAN source; value is config default only.
9011210768,011210768C,0.00,MLOANBILL has no PLOAN source; value is config default only.
9011210769,011210769C,0.00,MLOANBILL has no PLOAN source; value is config default only.
9011211133,011211133C,0.00,MLOANBILL has no PLOAN source; value is config default only.
9011211134,011211134C,0.00,MLOANBILL has no PLOAN source; value is config default only.
9011211323,011211323C,0.00,MLOANBILL has no PLOAN source; value is config default only.
9011211326,011211326C,0.00,MLOANBILL has no PLOAN source; value is config default only.
9011212339,011212339C,0.00,MLOANBILL has no PLOAN source; value is config default only.
9011212602,011212602C,0.00,MLOANBILL has no PLOAN source; value is config default only.
9011213043,011213043C,0.00,MLOANBILL has no PLOAN source; value is config default only.
9011214223,011214223C,0.00,MLOANBILL has no PLOAN source; value is config default only.
9011214731,011214731C,0.00,MLOANBILL has no PLOAN source; value is config default only.
9011215024,011215024C,0.00,MLOANBILL has no PLOAN source; value is config default only.
9011215080,011215080C,0.00,MLOANBILL has no PLOAN source; value is config default only.
9011215081,011215081C,0.00,MLOANBILL has no PLOAN source; value is config default only.
9011215550,011215550C,0.00,MLOANBILL has no PLOAN source; value is config default only.
9011216127,011216127C,0.00,MLOANBILL has no PLOAN source; value is config default only.
9011216498,011216498C,0.00,MLOANBILL has no PLOAN source; value is config default only.
9011219517,011219517C,0.00,MLOANBILL has no PLOAN source; value is config default only.
9011220928,011220928C,0.00,MLOANBILL has no PLOAN source; value is config default only.
9011221209,011221209C,0.00,MLOANBILL has no PLOAN source; value is config default only.
9011221211,011221211C,0.00,MLOANBILL has no PLOAN source; value is config default only.
9011221537,011221537C,0.00,MLOANBILL has no PLOAN source; value is config default only.
9011224556,011224556C,0.00,MLOANBILL has no PLOAN source; value is config default only.
9011225015,011225015C,0.00,MLOANBILL has no PLOAN source; value is config default only.
9011225793,011225793C,0.00,MLOANBILL has no PLOAN source; value is config default only.
9011226273,011226273C,0.00,MLOANBILL has no PLOAN source; value is config default only.
9011226579,011226579C,0.00,MLOANBILL has no PLOAN source; value is config default only.
9011227429,011227429C,0.00,MLOANBILL has no PLOAN source; value is config default only.
9011227604,011227604C,0.00,MLOANBILL has no PLOAN source; value is config default only.
9011229737,011229737C,0.00,MLOANBILL has no PLOAN source; value is config default only.
9011229738,011229738C,0.00,MLOANBILL has no PLOAN source; value is config default only.
9011230767,011230767C,0.00,MLOANBILL has no PLOAN source; value is config default only.
9011232775,011232775C,0.00,MLOANBILL has no PLOAN source; value is config default only.
9011232776,011232776C,0.00,MLOANBILL has no PLOAN source; value is config default only.
9011235627,011235627C,0.00,MLOANBILL has no PLOAN source; value is config default only.
9011240164,011240164C,0.00,MLOANBILL has no PLOAN source; value is config default only.
9011243732,011243732C,0.00,MLOANBILL has no PLOAN source; value is config default only.
9011244378,011244378C,0.00,MLOANBILL has no PLOAN source; value is config default only.
9011246246,011246246C,0.00,MLOANBILL has no PLOAN source; value is config default only.
9011249830,011249830C,0.00,MLOANBILL has no PLOAN source; value is config default only.
9011249831,011249831C,0.00,MLOANBILL has no PLOAN source; value is config default only.
9011250566,011250566C,0.00,MLOANBILL has no PLOAN source; value is config default only.
9011250919,011250919C,0.00,MLOANBILL has no PLOAN source; value is config default only.
9011251166,011251166C,0.00,MLOANBILL has no PLOAN source; value is config default only.
9011251167,011251167C,0.00,MLOANBILL has no PLOAN source; value is config default only.
9011251369,011251369C,0.00,MLOANBILL has no PLOAN source; value is config default only.
9011253007,011253007C,0.00,MLOANBILL has no PLOAN source; value is config default only.
9011255665,011255665C,0.00,MLOANBILL has no PLOAN source; value is config default only.
9011257022,011257022C,0.00,MLOANBILL has no PLOAN source; value is config default only.
9011257037,011257037C,0.00,MLOANBILL has no PLOAN source; value is config default only.
9011257043,011257043C,0.00,MLOANBILL has no PLOAN source; value is config default only.
9011257863,011257863C,0.00,MLOANBILL has no PLOAN source; value is config default only.
9011261640,011261640C,0.00,MLOANBILL has no PLOAN source; value is config default only.
9011262630,011262630C,0.00,MLOANBILL has no PLOAN source; value is config default only.
9011262631,011262631C,0.00,MLOANBILL has no PLOAN source; value is config default only.
9011262825,011262825C,0.00,MLOANBILL has no PLOAN source; value is config default only.
9011263126,011263126C,0.00,MLOANBILL has no PLOAN source; value is config default only.
9011263483,011263483C,0.00,MLOANBILL has no PLOAN source; value is config default only.
9011263484,011263484C,0.00,MLOANBILL has no PLOAN source; value is config default only.
9011263511,011263511C,0.00,MLOANBILL has no PLOAN source; value is config default only.
9011264015,011264015C,0.00,MLOANBILL has no PLOAN source; value is config default only.
9011264194,011264194C,0.00,MLOANBILL has no PLOAN source; value is config default only.
9011267253,011267253C,0.00,MLOANBILL has no PLOAN source; value is config default only.
9011268761,011268761C,0.00,MLOANBILL has no PLOAN source; value is config default only.
9011269166,011269166C,0.00,MLOANBILL has no PLOAN source; value is config default only.
9011269263,011269263C,0.00,MLOANBILL has no PLOAN source; value is config default only.
9011269382,011269382C,0.00,MLOANBILL has no PLOAN source; value is config default only.
9011271252,011271252C,0.00,MLOANBILL has no PLOAN source; value is config default only.
9011271994,011271994C,0.00,MLOANBILL has no PLOAN source; value is config default only.
9011272310,011272310C,0.00,MLOANBILL has no PLOAN source; value is config default only.
9011273881,011273881C,0.00,MLOANBILL has no PLOAN source; value is config default only.
9011273882,011273882C,0.00,MLOANBILL has no PLOAN source; value is config default only.
9011273928,011273928C,0.00,MLOANBILL has no PLOAN source; value is config default only.
9011274753,011274753C,0.00,MLOANBILL has no PLOAN source; value is config default only.
9011274754,011274754C,0.00,MLOANBILL has no PLOAN source; value is config default only.
9011274755,011274755C,0.00,MLOANBILL has no PLOAN source; value is config default only.
9011275503,011275503C,0.00,MLOANBILL has no PLOAN source; value is config default only.
9011283014,011283014C,0.00,MLOANBILL has no PLOAN source; value is config default only.
9015000171,015000171C,0.00,MLOANBILL has no PLOAN source; value is config default only.
9015000181,015000181C,0.00,MLOANBILL has no PLOAN source; value is config default only.
9015000466,015000466C,0.00,MLOANBILL has no PLOAN source; value is config default only.
